Handle,Title,Body (HTML),Vendor,Product Category,Type,Tags,Published,Option1 Name,Option1 Value,Option1 Linked To,Option2 Name,Option2 Value,Option2 Linked To,Option3 Name,Option3 Value,Option3 Linked To,Variant SKU,Variant Grams,Variant Inventory Tracker,Variant Inventory Qty,Variant Inventory Policy,Variant Fulfillment Service,Variant Price,Variant Compare At Price,Variant Requires Shipping,Variant Taxable,Variant Barcode,Image Src,Image Position,Image Alt Text,Gift Card,SEO Title,SEO Description,Google Shopping / Google Product Category,Google Shopping / Gender,Google Shopping / Age Group,Google Shopping / MPN,Google Shopping / Condition,Google Shopping / Custom Product,Google Shopping / Custom Label 0,Google Shopping / Custom Label 1,Google Shopping / Custom Label 2,Google Shopping / Custom Label 3,Google Shopping / Custom Label 4,Age group (product.metafields.shopify.age-group),Bag/Case material (product.metafields.shopify.bag-case-material),Carry options (product.metafields.shopify.carry-options),Color (product.metafields.shopify.color-pattern),Target gender (product.metafields.shopify.target-gender),Variant Image,Variant Weight Unit,Variant Tax Code,Cost per item,Included / Pakistan,Price / Pakistan,Compare At Price / Pakistan,Included / International,Price / International,Compare At Price / International,Status
posh-set-of-3-bag-black,Posh set of 3 Bag black,"<p data-mce-fragment=""1""><strong data-mce-fragment=""1""><img src=""https://cdn.shopify.com/s/files/1/0268/0602/6426/files/Untitled-1-min-min_480x480.jpg?v=1637574287"" alt="""" data-mce-fragment=""1"" data-mce-src=""https://cdn.shopify.com/s/files/1/0268/0602/6426/files/Untitled-1-min-min_480x480.jpg?v=1637574287""></strong></p>
<p data-mce-fragment=""1""><strong data-mce-fragment=""1"">Hand Bag<br></strong><strong data-mce-fragment=""1"">     Width</strong>:<span> </span>11"" inches<br><span data-mce-fragment=""1""><strong data-mce-fragment=""1"">     Height</strong>: 9.5"" inches<br></span><span data-mce-fragment=""1"">   <strong>  Depth: 3.5</strong>'' inches</span></p>
<p data-mce-fragment=""1""><span data-mce-fragment=""1""><strong>-</strong> </span><strong data-mce-fragment=""1"">Fix shoulder straps<br></strong><strong data-mce-fragment=""1"">     Length:</strong><span data-mce-fragment=""1""> 14</span>"" inches</p>
<p data-mce-fragment=""1""><strong data-mce-fragment=""1"">- Removeable &amp; Adjustable Shoulder straps<br>      Length:<span> </span></strong><span>44"" inches</span></p>
<p data-mce-fragment=""1""><strong data-mce-fragment=""1"">-Single Compartment with Top Zip Closure.</strong></p>
<p data-mce-fragment=""1""><strong data-mce-fragment=""1"">- One Inside Pouch <br></strong><strong data-mce-fragment=""1"">     Width</strong>: 7.5"" inches<br><span data-mce-fragment=""1""><strong data-mce-fragment=""1"">     Height</strong>: 6.5"" inches</span></p>
<p data-mce-fragment=""1""><span data-mce-fragment=""1""><strong>- One Inside Clutch<br></strong></span><strong data-mce-fragment=""1"">    Width</strong>: 8"" inches<br><span data-mce-fragment=""1""><strong data-mce-fragment=""1"">    Height</strong>: 4"" inches</span></p>
<p data-mce-fragment=""1""><strong data-mce-fragment=""1""><b>Note:</b><span> </span>There may be slight variation of colors due to bright light</strong></p>",Astore.pk,,,"all,Bag,Handbag,handbags,lahore,new2024,sale,shoulder bag",2024-05-08T17:44:33+05:00,Title,Default Title,,,,,,,,,0,shopify,100,deny,manual,2599.0,5198.0,TRUE,FALSE,,https://cdn.shopify.com/s/files/1/0268/0602/6426/files/black8_9c2b7ed8-e763-496a-9e5e-6fe75a652fbd.jpg?v=1718346442,1,,FALSE,,,,,adults; teens,,new,FALSE,,,,,,adults; teens,,,,female,https://cdn.shopify.com/s/files/1/0268/0602/6426/files/black8_9c2b7ed8-e763-496a-9e5e-6fe75a652fbd.jpg?v=1718346442,kg,,,,2599.0,5198.0,,,,active
posh-set-of-3-bag-black,Posh set of 3 Bag black,,,,,,,,,,,,,,,,,,,,,,,,,,,https://cdn.shopify.com/s/files/1/0268/0602/6426/files/DSC_8469_92320c73-9421-4aef-9ac6-1a415031c080.jpg?v=1729258940,2,,,,,,,,,,,,,,,,,,,,,,,,,,,,,,,
posh-set-of-3-bag-black,Posh set of 3 Bag black,,,,,,,,,,,,,,,,,,,,,,,,,,,https://cdn.shopify.com/s/files/1/0268/0602/6426/files/black7_ed3e33e2-1c93-4cca-b494-e96b8b7b4893.jpg?v=1718346442,3,,,,,,,,,,,,,,,,,,,,,,,,,,,,,,,
posh-set-of-3-bag-black,Posh set of 3 Bag black,,,,,,,,,,,,,,,,,,,,,,,,,,,https://cdn.shopify.com/s/files/1/0268/0602/6426/files/DSC_8472_4fae8a8b-595e-4d73-b88c-145935d81ce4.jpg?v=1729258940,4,,,,,,,,,,,,,,,,,,,,,,,,,,,,,,,
posh-set-of-3-bag-black,Posh set of 3 Bag black,,,,,,,,,,,,,,,,,,,,,,,,,,,https://cdn.shopify.com/s/files/1/0268/0602/6426/files/black6_32171245-f454-42ad-a294-830b15ac626e.jpg?v=1718346442,5,,,,,,,,,,,,,,,,,,,,,,,,,,,,,,,
posh-set-of-3-bag-black,Posh set of 3 Bag black,,,,,,,,,,,,,,,,,,,,,,,,,,,https://cdn.shopify.com/s/files/1/0268/0602/6426/files/black3_1b32633f-89dc-4eac-843a-00b44a739010.jpg?v=1718346442,6,,,,,,,,,,,,,,,,,,,,,,,,,,,,,,,
posh-set-of-3-bag-black,Posh set of 3 Bag black,,,,,,,,,,,,,,,,,,,,,,,,,,,https://cdn.shopify.com/s/files/1/0268/0602/6426/files/black4_0b10bd90-cd7b-49d4-8a68-68752c79760d.jpg?v=1718346442,7,,,,,,,,,,,,,,,,,,,,,,,,,,,,,,,
posh-set-of-3-bag-black,Posh set of 3 Bag black,,,,,,,,,,,,,,,,,,,,,,,,,,,https://cdn.shopify.com/s/files/1/0268/0602/6426/files/black5_48a79b24-2b03-4c8b-ab9b-3528aaf0455a.jpg?v=1718346442,8,,,,,,,,,,,,,,,,,,,,,,,,,,,,,,,
posh-set-of-3-bag-maroon,Posh set of 3 Bag maroon,"<p data-mce-fragment=""1""><strong data-mce-fragment=""1""><img src=""https://cdn.shopify.com/s/files/1/0268/0602/6426/files/Untitled-1-min-min_480x480.jpg?v=1637574287"" alt="""" data-mce-fragment=""1"" data-mce-src=""https://cdn.shopify.com/s/files/1/0268/0602/6426/files/Untitled-1-min-min_480x480.jpg?v=1637574287""></strong></p>
<p data-mce-fragment=""1""><strong data-mce-fragment=""1"">Hand Bag<br></strong><strong data-mce-fragment=""1"">     Width</strong>:<span> </span>11"" inches<br><span data-mce-fragment=""1""><strong data-mce-fragment=""1"">     Height</strong>: 9.5"" inches<br></span><span data-mce-fragment=""1"">   <strong>  Depth: 3.5</strong>'' inches</span></p>
<p data-mce-fragment=""1""><span data-mce-fragment=""1""><strong>-</strong> </span><strong data-mce-fragment=""1"">Fix shoulder straps<br></strong><strong data-mce-fragment=""1"">     Length:</strong><span data-mce-fragment=""1""> 14</span>"" inches</p>
<p data-mce-fragment=""1""><strong data-mce-fragment=""1"">- Removeable &amp; Adjustable Shoulder straps<br>      Length:<span> </span></strong><span>44"" inches</span></p>
<p data-mce-fragment=""1""><strong data-mce-fragment=""1"">-Single Compartment with Top Zip Closure.</strong></p>
<p data-mce-fragment=""1""><strong data-mce-fragment=""1"">- One Inside Pouch <br></strong><strong data-mce-fragment=""1"">     Width</strong>: 7.5"" inches<br><span data-mce-fragment=""1""><strong data-mce-fragment=""1"">     Height</strong>: 6.5"" inches</span></p>
<p data-mce-fragment=""1""><span data-mce-fragment=""1""><strong>- One Inside Clutch<br></strong></span><strong data-mce-fragment=""1"">    Width</strong>: 8"" inches<br><span data-mce-fragment=""1""><strong data-mce-fragment=""1"">    Height</strong>: 4"" inches</span></p>
<p data-mce-fragment=""1""><strong data-mce-fragment=""1""><b>Note:</b><span> </span>There may be slight variation of colors due to bright light</strong></p>",Astore.pk,,,"all,Bag,Handbag,handbags,lahore,new2024,sale,shoulder bag",2024-05-08T17:43:17+05:00,Title,Default Title,,,,,,,,,0,shopify,100,deny,manual,2599.0,5198.0,TRUE,FALSE,,https://cdn.shopify.com/s/files/1/0268/0602/6426/files/maroon8.jpg?v=1720015549,1,,FALSE,,,,,adults; teens,,new,FALSE,,,,,,adults; teens,,,,female,https://cdn.shopify.com/s/files/1/0268/0602/6426/files/maroon8.jpg?v=1720015549,kg,,,,2599.0,5198.0,,,,active
posh-set-of-3-bag-maroon,Posh set of 3 Bag maroon,,,,,,,,,,,,,,,,,,,,,,,,,,,https://cdn.shopify.com/s/files/1/0268/0602/6426/files/DSC_8469_c81b7ec3-f732-4af3-8f4a-5ba406e35309.jpg?v=1729258962,2,,,,,,,,,,,,,,,,,,,,,,,,,,,,,,,
posh-set-of-3-bag-maroon,Posh set of 3 Bag maroon,,,,,,,,,,,,,,,,,,,,,,,,,,,https://cdn.shopify.com/s/files/1/0268/0602/6426/files/maroon6_1aa49bec-c624-4368-bd44-c1b1878c6184.jpg?v=1720015549,3,,,,,,,,,,,,,,,,,,,,,,,,,,,,,,,
posh-set-of-3-bag-maroon,Posh set of 3 Bag maroon,,,,,,,,,,,,,,,,,,,,,,,,,,,https://cdn.shopify.com/s/files/1/0268/0602/6426/files/DSC_8472_7c595c6b-a420-41fd-a54d-5a736ff59a8f.jpg?v=1729258962,4,,,,,,,,,,,,,,,,,,,,,,,,,,,,,,,
posh-set-of-3-bag-maroon,Posh set of 3 Bag maroon,,,,,,,,,,,,,,,,,,,,,,,,,,,https://cdn.shopify.com/s/files/1/0268/0602/6426/files/maroon7_7587e796-ee74-4784-a3de-710c2696ea25.jpg?v=1720015549,5,,,,,,,,,,,,,,,,,,,,,,,,,,,,,,,
posh-set-of-3-bag-maroon,Posh set of 3 Bag maroon,,,,,,,,,,,,,,,,,,,,,,,,,,,https://cdn.shopify.com/s/files/1/0268/0602/6426/files/maroon3_274909a4-b291-4ba1-9a1d-1a05d3e4ea14.jpg?v=1720015549,6,,,,,,,,,,,,,,,,,,,,,,,,,,,,,,,
posh-set-of-3-bag-maroon,Posh set of 3 Bag maroon,,,,,,,,,,,,,,,,,,,,,,,,,,,https://cdn.shopify.com/s/files/1/0268/0602/6426/files/maroon4_1b09b5b1-a2a0-4d07-a8b0-c0858eff7785.jpg?v=1720015549,7,,,,,,,,,,,,,,,,,,,,,,,,,,,,,,,
posh-set-of-3-bag-maroon,Posh set of 3 Bag maroon,,,,,,,,,,,,,,,,,,,,,,,,,,,https://cdn.shopify.com/s/files/1/0268/0602/6426/files/maroon5_dba6f984-695d-45b9-bfc3-d95027fe9583.jpg?v=1720015549,8,,,,,,,,,,,,,,,,,,,,,,,,,,,,,,,
posh-set-of-3-bag-maroon,Posh set of 3 Bag maroon,,,,,,,,,,,,,,,,,,,,,,,,,,,https://cdn.shopify.com/s/files/1/0268/0602/6426/files/maroon2_0cbd7585-af83-4e34-9812-420e707660c9.jpg?v=1720015549,9,,,,,,,,,,,,,,,,,,,,,,,,,,,,,,,
posh-set-of-3-bag-maroon,Posh set of 3 Bag maroon,,,,,,,,,,,,,,,,,,,,,,,,,,,https://cdn.shopify.com/s/files/1/0268/0602/6426/files/maroon3_d395776a-dce9-42a7-af5f-ea1b8e956614.jpg?v=1720015549,10,,,,,,,,,,,,,,,,,,,,,,,,,,,,,,,
olivia-bag-maroon-plain,Olivia Bag (maroon Plain),"<p data-mce-fragment=""1""><strong data-mce-fragment=""1""><img src=""https://cdn.shopify.com/s/files/1/0268/0602/6426/files/Untitled-1-min-min_480x480.jpg?v=1637574287"" alt="""" data-mce-selected=""1"" data-mce-fragment=""1"" data-mce-src=""https://cdn.shopify.com/s/files/1/0268/0602/6426/files/Untitled-1-min-min_480x480.jpg?v=1637574287""></strong></p>
<p data-mce-fragment=""1""><strong data-mce-fragment=""1"">Hand Bag<br></strong><strong data-mce-fragment=""1"">     Width</strong>: 9"" inches<br><span data-mce-fragment=""1""><strong data-mce-fragment=""1"">     Height</strong>: 5.5"" inches<br><br><strong data-mce-fragment=""1"">- Adjustable &amp; Removable long strap </strong><br data-mce-fragment=""1"">     <strong data-mce-fragment=""1"">Length:</strong> 44"" inches<br></span><strong><br>- Top leather handle </strong><br data-mce-fragment=""1""><strong>- Single compartment with one inside zip pocket</strong><br><strong>- Front single pocket</strong><br></p>
<p data-mce-fragment=""1""><strong data-mce-fragment=""1""><b>Note:</b><span> </span>There may be slight variation of colors due to bright light</strong></p>
<p data-mce-fragment=""1""><strong data-mce-fragment=""1""><a href=""https://astore.pk/collections/handbags"" data-mce-fragment=""1"" data-mce-href=""https://astore.pk/collections/handbags"">Handbags Pakistan</a></strong></p>",Astore Luxury,,,"all,Bag,Handbag,handbags,HandleBag,premium,windup",2024-09-20T14:56:52+05:00,Title,Default Title,,,,,,,,Olivia-Bag-(Beige-Plain) windup,0,shopify,100,deny,manual,3699.0,7398.0,TRUE,FALSE,,https://cdn.shopify.com/s/files/1/0268/0602/6426/files/maroon1_c28ad2cc-cf0c-4387-9f21-1237d39f5c64.jpg?v=1726827765,1,,FALSE,,,,,adults; teens,,new,FALSE,,,,,,adults; teens,,,,female,https://cdn.shopify.com/s/files/1/0268/0602/6426/files/maroon1_c28ad2cc-cf0c-4387-9f21-1237d39f5c64.jpg?v=1726827765,kg,,,,3699.0,7398.0,,,,active
olivia-bag-maroon-plain,Olivia Bag (maroon Plain),,,,,,,,,,,,,,,,,,,,,,,,,,,https://cdn.shopify.com/s/files/1/0268/0602/6426/files/maroon2_3f141acf-d022-4f91-85e3-0ada01e4205c.jpg?v=1726827765,2,,,,,,,,,,,,,,,,,,,,,,,,,,,,,,,
olivia-bag-maroon-plain,Olivia Bag (maroon Plain),,,,,,,,,,,,,,,,,,,,,,,,,,,https://cdn.shopify.com/s/files/1/0268/0602/6426/files/maroon3_d4c1d187-b6b6-4d3d-bfe5-9bfe1f7ebde7.jpg?v=1726827765,3,,,,,,,,,,,,,,,,,,,,,,,,,,,,,,,
olivia-bag-maroon-plain,Olivia Bag (maroon Plain),,,,,,,,,,,,,,,,,,,,,,,,,,,https://cdn.shopify.com/s/files/1/0268/0602/6426/files/maroon4_91203198-93b9-4626-8f60-b121a3e4d8ab.jpg?v=1726827765,4,,,,,,,,,,,,,,,,,,,,,,,,,,,,,,,
olivia-bag-brown-plain,Olivia Bag (brown Plain),"<p data-mce-fragment=""1""><strong data-mce-fragment=""1""><img src=""https://cdn.shopify.com/s/files/1/0268/0602/6426/files/Untitled-1-min-min_480x480.jpg?v=1637574287"" alt="""" data-mce-selected=""1"" data-mce-fragment=""1"" data-mce-src=""https://cdn.shopify.com/s/files/1/0268/0602/6426/files/Untitled-1-min-min_480x480.jpg?v=1637574287""></strong></p>
<p data-mce-fragment=""1""><strong data-mce-fragment=""1"">Hand Bag<br></strong><strong data-mce-fragment=""1"">     Width</strong>: 9"" inches<br><span data-mce-fragment=""1""><strong data-mce-fragment=""1"">     Height</strong>: 5.5"" inches<br><br><strong data-mce-fragment=""1"">- Adjustable &amp; Removable long strap </strong><br data-mce-fragment=""1"">     <strong data-mce-fragment=""1"">Length:</strong> 44"" inches<br></span><strong><br>- Top leather handle </strong><br data-mce-fragment=""1""><strong>- Single compartment with one inside zip pocket</strong><br><strong>- Front single pocket</strong><br></p>
<p data-mce-fragment=""1""><strong data-mce-fragment=""1""><b>Note:</b><span> </span>There may be slight variation of colors due to bright light</strong></p>
<p data-mce-fragment=""1""><strong data-mce-fragment=""1""><a href=""https://astore.pk/collections/handbags"" data-mce-fragment=""1"" data-mce-href=""https://astore.pk/collections/handbags"">Handbags Pakistan</a></strong></p>",Astore Luxury,,,"all,Bag,Handbag,handbags,HandleBag,premium,windup",2024-09-20T14:34:45+05:00,Title,Default Title,,,,,,,,Olivia-Bag-(Beige-Plain) windup,0,shopify,100,deny,manual,3699.0,7398.0,TRUE,FALSE,,https://cdn.shopify.com/s/files/1/0268/0602/6426/files/brown1_4817100f-6413-44c3-abf6-9c4477a73ed7.jpg?v=1726826168,1,,FALSE,,,,,adults; teens,,new,FALSE,,,,,,adults; teens,,,,female,https://cdn.shopify.com/s/files/1/0268/0602/6426/files/brown1_4817100f-6413-44c3-abf6-9c4477a73ed7.jpg?v=1726826168,kg,,,,3699.0,7398.0,,,,active
olivia-bag-brown-plain,Olivia Bag (brown Plain),,,,,,,,,,,,,,,,,,,,,,,,,,,https://cdn.shopify.com/s/files/1/0268/0602/6426/files/brown2_df62043a-ddc4-4802-bc9e-f7c2c7b0d979.jpg?v=1726826168,2,,,,,,,,,,,,,,,,,,,,,,,,,,,,,,,
olivia-bag-brown-plain,Olivia Bag (brown Plain),,,,,,,,,,,,,,,,,,,,,,,,,,,https://cdn.shopify.com/s/files/1/0268/0602/6426/files/brown3_d829d08c-db7f-419b-8448-ff868319023e.jpg?v=1726826168,3,,,,,,,,,,,,,,,,,,,,,,,,,,,,,,,
olivia-bag-brown-plain,Olivia Bag (brown Plain),,,,,,,,,,,,,,,,,,,,,,,,,,,https://cdn.shopify.com/s/files/1/0268/0602/6426/files/brown4_531c50b3-8c15-4bbf-afed-5c54ae022ea3.jpg?v=1726826168,4,,,,,,,,,,,,,,,,,,,,,,,,,,,,,,,
olivia-bag-black-plain-copy,Olivia Bag (Black Plain),"<p data-mce-fragment=""1""><strong data-mce-fragment=""1""><img src=""https://cdn.shopify.com/s/files/1/0268/0602/6426/files/Untitled-1-min-min_480x480.jpg?v=1637574287"" alt="""" data-mce-selected=""1"" data-mce-fragment=""1"" data-mce-src=""https://cdn.shopify.com/s/files/1/0268/0602/6426/files/Untitled-1-min-min_480x480.jpg?v=1637574287""></strong></p>
<p data-mce-fragment=""1""><strong data-mce-fragment=""1"">Hand Bag<br></strong><strong data-mce-fragment=""1"">     Width</strong>: 9"" inches<br><span data-mce-fragment=""1""><strong data-mce-fragment=""1"">     Height</strong>: 5.5"" inches<br><br><strong data-mce-fragment=""1"">- Adjustable &amp; Removable long strap </strong><br data-mce-fragment=""1"">     <strong data-mce-fragment=""1"">Length:</strong> 44"" inches<br></span><strong><br>- Top leather handle </strong><br data-mce-fragment=""1""><strong>- Single compartment with one inside zip pocket</strong><br><strong>- Front single pocket</strong><br></p>
<p data-mce-fragment=""1""><strong data-mce-fragment=""1""><b>Note:</b><span> </span>There may be slight variation of colors due to bright light</strong></p>
<p data-mce-fragment=""1""><strong data-mce-fragment=""1""><a href=""https://astore.pk/collections/handbags"" data-mce-href=""https://astore.pk/collections/handbags"" data-mce-fragment=""1"">Handbags Pakistan</a></strong></p>",Astore Luxury,,,"all,Bag,Handbag,handbags,HandleBag,premium",2024-09-12T12:10:21+05:00,Title,Default Title,,,,,,,,Olivia-Bag-(Black-Plain) windup,0,shopify,100,deny,manual,3699.0,7398.0,TRUE,FALSE,,https://cdn.shopify.com/s/files/1/0268/0602/6426/products/black3_18a57bb5-9cc4-4b51-bfd4-bb5bc1b2ec63.jpg?v=1676901335,1,,FALSE,,,,,adults; teens,,new,FALSE,,,,,,adults; teens,,,,female,https://cdn.shopify.com/s/files/1/0268/0602/6426/products/black3_18a57bb5-9cc4-4b51-bfd4-bb5bc1b2ec63.jpg?v=1676901335,kg,,,,3699.0,7398.0,,,,active
olivia-bag-black-plain-copy,Olivia Bag (Black Plain),,,,,,,,,,,,,,,,,,,,,,,,,,,https://cdn.shopify.com/s/files/1/0268/0602/6426/products/black2_67226651-e49c-4ad1-893f-316afa369ea4.jpg?v=1676901335,2,,,,,,,,,,,,,,,,,,,,,,,,,,,,,,,
olivia-bag-black-plain-copy,Olivia Bag (Black Plain),,,,,,,,,,,,,,,,,,,,,,,,,,,https://cdn.shopify.com/s/files/1/0268/0602/6426/products/black1_9f4820df-6076-48c7-b3a6-c4800bd8b60f.jpg?v=1676901318,3,,,,,,,,,,,,,,,,,,,,,,,,,,,,,,,
olivia-bag-black-plain-copy,Olivia Bag (Black Plain),,,,,,,,,,,,,,,,,,,,,,,,,,,https://cdn.shopify.com/s/files/1/0268/0602/6426/products/black_6555be74-7c21-46b3-9350-0b1ab0166f32.jpg?v=1676901313,4,,,,,,,,,,,,,,,,,,,,,,,,,,,,,,,
olivia-bag-beige-plain-copy,Olivia Bag (Beige Plain),"<p data-mce-fragment=""1""><strong data-mce-fragment=""1""><img src=""https://cdn.shopify.com/s/files/1/0268/0602/6426/files/Untitled-1-min-min_480x480.jpg?v=1637574287"" alt="""" data-mce-selected=""1"" data-mce-fragment=""1"" data-mce-src=""https://cdn.shopify.com/s/files/1/0268/0602/6426/files/Untitled-1-min-min_480x480.jpg?v=1637574287""></strong></p>
<p data-mce-fragment=""1""><strong data-mce-fragment=""1"">Hand Bag<br></strong><strong data-mce-fragment=""1"">     Width</strong>: 9"" inches<br><span data-mce-fragment=""1""><strong data-mce-fragment=""1"">     Height</strong>: 5.5"" inches<br><br><strong data-mce-fragment=""1"">- Adjustable &amp; Removable long strap </strong><br data-mce-fragment=""1"">     <strong data-mce-fragment=""1"">Length:</strong> 44"" inches<br></span><strong><br>- Top leather handle </strong><br data-mce-fragment=""1""><strong>- Single compartment with one inside zip pocket</strong><br><strong>- Front single pocket</strong><br></p>
<p data-mce-fragment=""1""><strong data-mce-fragment=""1""><b>Note:</b><span> </span>There may be slight variation of colors due to bright light</strong></p>
<p data-mce-fragment=""1""><strong data-mce-fragment=""1""><a href=""https://astore.pk/collections/handbags"" data-mce-fragment=""1"" data-mce-href=""https://astore.pk/collections/handbags"">Handbags Pakistan</a></strong></p>",Astore Luxury,,,"all,Bag,Handbag,handbags,HandleBag,premium,windup",2024-09-12T12:10:11+05:00,Title,Default Title,,,,,,,,Olivia-Bag-(Beige-Plain) windup,0,shopify,100,deny,manual,3699.0,7398.0,TRUE,FALSE,,https://cdn.shopify.com/s/files/1/0268/0602/6426/products/beigep3.jpg?v=1676978369,1,,FALSE,,,,,adults; teens,,new,FALSE,,,,,,adults; teens,,,,female,https://cdn.shopify.com/s/files/1/0268/0602/6426/products/beigep3.jpg?v=1676978369,kg,,,,3699.0,7398.0,,,,active
olivia-bag-beige-plain-copy,Olivia Bag (Beige Plain),,,,,,,,,,,,,,,,,,,,,,,,,,,https://cdn.shopify.com/s/files/1/0268/0602/6426/products/beigep2.jpg?v=1676978369,2,,,,,,,,,,,,,,,,,,,,,,,,,,,,,,,
olivia-bag-beige-plain-copy,Olivia Bag (Beige Plain),,,,,,,,,,,,,,,,,,,,,,,,,,,https://cdn.shopify.com/s/files/1/0268/0602/6426/products/beigep4.jpg?v=1677151322,3,,,,,,,,,,,,,,,,,,,,,,,,,,,,,,,
olivia-bag-beige-plain-copy,Olivia Bag (Beige Plain),,,,,,,,,,,,,,,,,,,,,,,,,,,https://cdn.shopify.com/s/files/1/0268/0602/6426/products/beigep1.jpg?v=1677151322,4,,,,,,,,,,,,,,,,,,,,,,,,,,,,,,,
nifty-bag-peach,Nifty Bag Peach,"<p data-mce-fragment=""1""><strong data-mce-fragment=""1""><img alt="""" src=""https://cdn.shopify.com/s/files/1/0268/0602/6426/files/Untitled-1-min-min_480x480.jpg?v=1637574287"" data-mce-fragment=""1"" data-mce-src=""https://cdn.shopify.com/s/files/1/0268/0602/6426/files/Untitled-1-min-min_480x480.jpg?v=1637574287""><br></strong></p>
<p data-mce-fragment=""1""><strong data-mce-fragment=""1"">Hand Bag<br></strong><strong data-mce-fragment=""1"">     Width</strong>: 10"" inches<br><span data-mce-fragment=""1""><strong data-mce-fragment=""1"">     Height</strong>: 8"" inches<br></span><span data-mce-fragment=""1"">     <strong data-mce-fragment=""1"">Depth</strong>: 4"" inches</span></p>
<p data-mce-fragment=""1""><strong data-mce-fragment=""1"">- Adjustable &amp; Removable long strap<br></strong><strong data-mce-fragment=""1"">      Length:</strong><span data-mce-fragment=""1""> 44</span><span data-mce-fragment=""1"">"" inches</span></p>
<p data-mce-fragment=""1""><span data-mce-fragment=""1""><strong>- Top Zip Closure </strong><br><strong>- Double compartment with inside mid zip pocket <br>- Top leather handle </strong></span></p>
<p data-mce-fragment=""1""><span data-mce-fragment=""1""><strong><b>Note:</b> There may be slight variation of colors due to bright light</strong></span></p>",Astore.pk,,,"all,Bag,bags,handbags,HandleBag,shoulder bag",2022-10-27T22:01:10+05:00,Title,Default Title,,,,,,,,Nifty-Bag-Peach,0,shopify,100,deny,manual,2699.0,5398.0,TRUE,FALSE,,https://cdn.shopify.com/s/files/1/0268/0602/6426/products/2_61b456d3-9833-492d-b2c2-1205dc546018.jpg?v=1670670762,1,,FALSE,,,,,adults; teens,,new,FALSE,,,,,,adults; teens,,,,female,https://cdn.shopify.com/s/files/1/0268/0602/6426/products/2_61b456d3-9833-492d-b2c2-1205dc546018.jpg?v=1670670762,kg,,,,2699.0,5398.0,,,,active
nifty-bag-peach,Nifty Bag Peach,,,,,,,,,,,,,,,,,,,,,,,,,,,https://cdn.shopify.com/s/files/1/0268/0602/6426/products/3_4df4ed4a-9382-4e41-a368-76bc07fecb70.jpg?v=1670670764,2,,,,,,,,,,,,,,,,,,,,,,,,,,,,,,,
nifty-bag-peach,Nifty Bag Peach,,,,,,,,,,,,,,,,,,,,,,,,,,,https://cdn.shopify.com/s/files/1/0268/0602/6426/products/5_cae16385-b0ca-48cf-80e8-874fe6727282.jpg?v=1670670769,3,,,,,,,,,,,,,,,,,,,,,,,,,,,,,,,
nifty-bag-peach,Nifty Bag Peach,,,,,,,,,,,,,,,,,,,,,,,,,,,https://cdn.shopify.com/s/files/1/0268/0602/6426/products/niftypeach.jpg?v=1673262464,4,,,,,,,,,,,,,,,,,,,,,,,,,,,,,,,
nifty-bag-peach,Nifty Bag Peach,,,,,,,,,,,,,,,,,,,,,,,,,,,https://cdn.shopify.com/s/files/1/0268/0602/6426/products/6_40b9b73b-6fa4-469a-9c8e-bb3576d17025.jpg?v=1673262464,5,,,,,,,,,,,,,,,,,,,,,,,,,,,,,,,
nifty-bag-black,Nifty Bag Black,"<p data-mce-fragment=""1""><strong data-mce-fragment=""1""><img alt="""" src=""https://cdn.shopify.com/s/files/1/0268/0602/6426/files/Untitled-1-min-min_480x480.jpg?v=1637574287"" data-mce-fragment=""1"" data-mce-src=""https://cdn.shopify.com/s/files/1/0268/0602/6426/files/Untitled-1-min-min_480x480.jpg?v=1637574287""></strong><br></p>
<p data-mce-fragment=""1""><strong data-mce-fragment=""1"">Hand Bag<br></strong><strong data-mce-fragment=""1"">     Width</strong>: 10"" inches<br><span data-mce-fragment=""1""><strong data-mce-fragment=""1"">     Height</strong>: 8"" inches<br></span><span data-mce-fragment=""1"">     <strong data-mce-fragment=""1"">Depth</strong>: 4"" inches</span></p>
<p data-mce-fragment=""1""><strong data-mce-fragment=""1"">- Adjustable &amp; Removable long strap<br></strong><strong data-mce-fragment=""1"">      Length:</strong><span data-mce-fragment=""1""> 44</span><span data-mce-fragment=""1"">"" inches</span></p>
<p data-mce-fragment=""1""><span data-mce-fragment=""1""><strong>- Top Zip Closure </strong><br><strong>- Double compartment with inside mid zip pocket <br>- Top leather handle </strong></span></p>
<p data-mce-fragment=""1""><span data-mce-fragment=""1""><strong><b>Note:</b> There may be slight variation of colors due to bright light</strong></span></p>",Astore.pk,,,"all,Bag,bags,handbags,HandleBag,shoulder bag",2022-10-28T21:26:19+05:00,Title,Default Title,,,,,,,,Nifty-Bag-Black windup,0,shopify,100,deny,manual,2699.0,5398.0,TRUE,FALSE,,https://cdn.shopify.com/s/files/1/0268/0602/6426/products/3_eb533cc7-ae86-40b9-86dc-788f1892c137.jpg?v=1670670584,1,,FALSE,,,,,adults; teens,,new,FALSE,,,,,,adults; teens,,,,female,https://cdn.shopify.com/s/files/1/0268/0602/6426/products/3_eb533cc7-ae86-40b9-86dc-788f1892c137.jpg?v=1670670584,kg,,,,2699.0,5398.0,,,,active
nifty-bag-black,Nifty Bag Black,,,,,,,,,,,,,,,,,,,,,,,,,,,https://cdn.shopify.com/s/files/1/0268/0602/6426/products/2_594dd793-4458-4233-b380-8d7f23fdc085.jpg?v=1670670584,2,,,,,,,,,,,,,,,,,,,,,,,,,,,,,,,
nifty-bag-black,Nifty Bag Black,,,,,,,,,,,,,,,,,,,,,,,,,,,https://cdn.shopify.com/s/files/1/0268/0602/6426/files/1-7_fbdac29f-c374-4445-b43b-1c8d26bd75e3.png?v=1693395901,3,,,,,,,,,,,,,,,,,,,,,,,,,,,,,,,
nifty-bag-black,Nifty Bag Black,,,,,,,,,,,,,,,,,,,,,,,,,,,https://cdn.shopify.com/s/files/1/0268/0602/6426/files/1-1_10966e49-b31b-49c4-b6f2-4b8cca2ca867.png?v=1693395901,4,,,,,,,,,,,,,,,,,,,,,,,,,,,,,,,
nifty-bag-black,Nifty Bag Black,,,,,,,,,,,,,,,,,,,,,,,,,,,https://cdn.shopify.com/s/files/1/0268/0602/6426/products/4_eb23db40-1dea-425c-a726-577801615ba8.jpg?v=1693395901,5,,,,,,,,,,,,,,,,,,,,,,,,,,,,,,,
nifty-bag-brown,Nifty Bag Brown,"<p data-mce-fragment=""1""><strong data-mce-fragment=""1""><img alt="""" src=""https://cdn.shopify.com/s/files/1/0268/0602/6426/files/Untitled-1-min-min_480x480.jpg?v=1637574287"" data-mce-fragment=""1"" data-mce-src=""https://cdn.shopify.com/s/files/1/0268/0602/6426/files/Untitled-1-min-min_480x480.jpg?v=1637574287""></strong><br></p>
<p data-mce-fragment=""1""><strong data-mce-fragment=""1"">Hand Bag<br></strong><strong data-mce-fragment=""1"">     Width</strong>: 10"" inches<br><span data-mce-fragment=""1""><strong data-mce-fragment=""1"">     Height</strong>: 8"" inches<br></span><span data-mce-fragment=""1"">     <strong data-mce-fragment=""1"">Depth</strong>: 4"" inches</span></p>
<p data-mce-fragment=""1""><strong data-mce-fragment=""1"">- Adjustable &amp; Removable long strap<br></strong><strong data-mce-fragment=""1"">      Length:</strong><span data-mce-fragment=""1""> 44</span><span data-mce-fragment=""1"">"" inches</span></p>
<p data-mce-fragment=""1""><span data-mce-fragment=""1""><strong>- Top Zip Closure </strong><br><strong>- Double compartment with inside mid zip pocket <br>- Top leather handle </strong></span></p>
<p data-mce-fragment=""1""><span data-mce-fragment=""1""><strong><b>Note:</b> There may be slight variation of colors due to bright light</strong></span></p>",Astore.pk,,,"all,Bag,bags,handbags,HandleBag,shoulder bag",2022-10-28T21:02:18+05:00,Title,Default Title,,,,,,,,Nifty-Bag-Brown,0,shopify,100,deny,manual,2499.0,4998.0,TRUE,FALSE,,https://cdn.shopify.com/s/files/1/0268/0602/6426/products/8_e21dc66a-37b8-4d9b-960f-8f3627ffed55.jpg?v=1670670620,1,,FALSE,,,,,adults; teens,,new,FALSE,,,,,,adults; teens,,,,female,https://cdn.shopify.com/s/files/1/0268/0602/6426/products/8_e21dc66a-37b8-4d9b-960f-8f3627ffed55.jpg?v=1670670620,kg,,,,2499.0,4998.0,,,,active
nifty-bag-brown,Nifty Bag Brown,,,,,,,,,,,,,,,,,,,,,,,,,,,https://cdn.shopify.com/s/files/1/0268/0602/6426/products/4_ecd2b957-f1cd-4fa0-83dc-dac752b4e325.jpg?v=1670670620,2,,,,,,,,,,,,,,,,,,,,,,,,,,,,,,,
nifty-bag-brown,Nifty Bag Brown,,,,,,,,,,,,,,,,,,,,,,,,,,,https://cdn.shopify.com/s/files/1/0268/0602/6426/files/1-137.jpg?v=1697459993,3,,,,,,,,,,,,,,,,,,,,,,,,,,,,,,,
nifty-bag-brown,Nifty Bag Brown,,,,,,,,,,,,,,,,,,,,,,,,,,,https://cdn.shopify.com/s/files/1/0268/0602/6426/files/1-138.jpg?v=1697459993,4,,,,,,,,,,,,,,,,,,,,,,,,,,,,,,,
nifty-bag-brown,Nifty Bag Brown,,,,,,,,,,,,,,,,,,,,,,,,,,,https://cdn.shopify.com/s/files/1/0268/0602/6426/products/7_5f1c2687-a10f-44ef-9172-148870218470.jpg?v=1697459993,5,,,,,,,,,,,,,,,,,,,,,,,,,,,,,,,
nifty-bag-maroon,Nifty Bag Maroon,"<p data-mce-fragment=""1""><br></p>
<p data-mce-fragment=""1""><strong data-mce-fragment=""1""><img alt="""" src=""https://cdn.shopify.com/s/files/1/0268/0602/6426/files/Untitled-1-min-min_480x480.jpg?v=1637574287"" data-mce-fragment=""1"" data-mce-src=""https://cdn.shopify.com/s/files/1/0268/0602/6426/files/Untitled-1-min-min_480x480.jpg?v=1637574287""><br></strong><strong data-mce-fragment=""1"">Hand Bag<br></strong><strong data-mce-fragment=""1"">     Width</strong>: 10"" inches<br><span data-mce-fragment=""1""><strong data-mce-fragment=""1"">     Height</strong>: 8"" inches<br></span><span data-mce-fragment=""1"">     <strong data-mce-fragment=""1"">Depth</strong>: 4"" inches</span></p>
<p data-mce-fragment=""1""><strong data-mce-fragment=""1"">- Adjustable &amp; Removable long strap<br></strong><strong data-mce-fragment=""1"">      Length:</strong><span data-mce-fragment=""1""> 44</span><span data-mce-fragment=""1"">"" inches</span></p>
<p data-mce-fragment=""1""><span data-mce-fragment=""1""><strong>- Top Zip Closure </strong><br><strong>- Double compartment with inside mid zip pocket <br>- Top leather handle </strong></span></p>
<p data-mce-fragment=""1""><span data-mce-fragment=""1""><strong><b>Note:</b> There may be slight variation of colors due to bright light</strong></span></p>",Astore.pk,,,"all,Bag,bags,handbags,HandleBag,shoulder bag",2022-10-28T21:00:01+05:00,Title,Default Title,,,,,,,,Nifty-Bag-Maroon windup,0,shopify,100,deny,manual,2699.0,5398.0,TRUE,FALSE,,https://cdn.shopify.com/s/files/1/0268/0602/6426/products/9_47d00abc-c052-4dab-897d-ecb1c33da7ac.jpg?v=1670670691,1,,FALSE,,,,,adults; teens,,new,FALSE,,,,,,adults; teens,,,,female,https://cdn.shopify.com/s/files/1/0268/0602/6426/products/9_47d00abc-c052-4dab-897d-ecb1c33da7ac.jpg?v=1670670691,kg,,,,2699.0,5398.0,,,,active
nifty-bag-maroon,Nifty Bag Maroon,,,,,,,,,,,,,,,,,,,,,,,,,,,https://cdn.shopify.com/s/files/1/0268/0602/6426/products/10_463adf74-3fce-4afb-a301-03bdcc44a902.jpg?v=1670670691,2,,,,,,,,,,,,,,,,,,,,,,,,,,,,,,,
nifty-bag-maroon,Nifty Bag Maroon,,,,,,,,,,,,,,,,,,,,,,,,,,,https://cdn.shopify.com/s/files/1/0268/0602/6426/products/7_6991ffd3-c469-4b1f-b3c6-533f4343b1c1.jpg?v=1670670691,3,,,,,,,,,,,,,,,,,,,,,,,,,,,,,,,
nifty-bag-maroon,Nifty Bag Maroon,,,,,,,,,,,,,,,,,,,,,,,,,,,https://cdn.shopify.com/s/files/1/0268/0602/6426/products/7-8.jpg?v=1673531287,4,,,,,,,,,,,,,,,,,,,,,,,,,,,,,,,
nifty-bag-maroon,Nifty Bag Maroon,,,,,,,,,,,,,,,,,,,,,,,,,,,https://cdn.shopify.com/s/files/1/0268/0602/6426/products/8_c5e293ce-e263-4917-9590-5f4d206dd5f3.jpg?v=1673531287,5,,,,,,,,,,,,,,,,,,,,,,,,,,,,,,,
monza-bag-maroon-plain,Monza Bag (maroon Plain),"<p><strong data-mce-fragment=""1""><img alt="""" src=""https://cdn.shopify.com/s/files/1/0268/0602/6426/files/Untitled-1-min-min_480x480.jpg?v=1637574287"" data-mce-selected=""1"" data-mce-src=""https://cdn.shopify.com/s/files/1/0268/0602/6426/files/Untitled-1-min-min_480x480.jpg?v=1637574287"" data-mce-fragment=""1""><br></strong></p>
<p data-mce-fragment=""1""><strong data-mce-fragment=""1""><br data-mce-fragment=""1"">Hand Bag<br data-mce-fragment=""1""></strong><strong data-mce-fragment=""1"">     Width</strong>: 8.5"" inches<br data-mce-fragment=""1""><span data-mce-fragment=""1""><strong data-mce-fragment=""1"">     Height</strong>: 7.5"" inches</span></p>
<p data-mce-fragment=""1""><strong data-mce-fragment=""1"">-</strong><span data-mce-fragment=""1""> </span><strong data-mce-fragment=""1"">Removable Silver Large  Top-Handle</strong><br data-mce-fragment=""1""><strong data-mce-fragment=""1"">- Removable Silver  Fix Shoulder Strap</strong><br data-mce-fragment=""1""><strong data-mce-fragment=""1"">- Inner side Zip Pocket </strong><br data-mce-fragment=""1""><strong data-mce-fragment=""1"">- Single Compartment Bag</strong></p>
<p data-mce-fragment=""1""><strong data-mce-fragment=""1""><b data-mce-fragment=""1"">Note:</b><span data-mce-fragment=""1""> </span>There may be slight variation of colors due to bright light</strong></p>
<p data-mce-fragment=""1""><strong data-mce-fragment=""1""><a href=""https://astore.pk/collections/handbags"" data-mce-fragment=""1"" data-mce-href=""https://astore.pk/collections/handbags"">Handbags Pakistan</a></strong></p>",Astore Luxury,,,"all,Bag,Handbag,handbags,Monza,premium",2024-09-06T11:46:30+05:00,Title,Default Title,,,,,,,,Monza-Bag-Black-(Plain) wind up,0,shopify,100,deny,manual,3499.0,6998.0,TRUE,FALSE,,https://cdn.shopify.com/s/files/1/0268/0602/6426/files/maroon1_ea3bb3b5-8525-470c-bfd6-6506d4a5baa5.jpg?v=1725606142,1,,FALSE,,,,,adults; teens,,new,FALSE,,,,,,adults; teens,,,,female,https://cdn.shopify.com/s/files/1/0268/0602/6426/files/maroon1_ea3bb3b5-8525-470c-bfd6-6506d4a5baa5.jpg?v=1725606142,kg,,,,3499.0,6998.0,,,,active
monza-bag-maroon-plain,Monza Bag (maroon Plain),,,,,,,,,,,,,,,,,,,,,,,,,,,https://cdn.shopify.com/s/files/1/0268/0602/6426/files/maroon2_a86235cb-f000-4640-9c03-d2dfda9f4524.jpg?v=1725606142,2,,,,,,,,,,,,,,,,,,,,,,,,,,,,,,,
monza-bag-maroon-plain,Monza Bag (maroon Plain),,,,,,,,,,,,,,,,,,,,,,,,,,,https://cdn.shopify.com/s/files/1/0268/0602/6426/files/maroon3_b9aa4999-e979-477d-8d8e-eca6156334a0.jpg?v=1725606142,3,,,,,,,,,,,,,,,,,,,,,,,,,,,,,,,
monza-bag-maroon-plain,Monza Bag (maroon Plain),,,,,,,,,,,,,,,,,,,,,,,,,,,https://cdn.shopify.com/s/files/1/0268/0602/6426/files/maroon4_b0b6e084-1590-4860-a3ee-467d64c122b6.jpg?v=1725606142,4,,,,,,,,,,,,,,,,,,,,,,,,,,,,,,,
multi-pockets-laptop-bag-peach,Multi Pockets Laptop Bag (Peach),"<h2 data-mce-fragment=""1"">Multi Pockets Laptop Bag (Peach)</h2>
<p data-mce-fragment=""1""><strong data-mce-fragment=""1""><img src=""https://cdn.shopify.com/s/files/1/0268/0602/6426/files/Untitled-1-min-min_480x480.jpg?v=1637574287"" alt="""" data-mce-src=""https://cdn.shopify.com/s/files/1/0268/0602/6426/files/Untitled-1-min-min_480x480.jpg?v=1637574287"" data-mce-fragment=""1"" data-mce-selected=""1""></strong></p>
<p data-mce-fragment=""1""><strong data-mce-fragment=""1"">Hand Bag<br></strong><strong data-mce-fragment=""1"">     Width</strong>: 16"" inches<br><span data-mce-fragment=""1""><strong data-mce-fragment=""1"">     Height</strong>: 11.5"" inches<br></span><span data-mce-fragment=""1"">     <strong>Depth</strong>: 3"" inches</span></p>
<p data-mce-fragment=""1""><strong data-mce-fragment=""1"">- Adjustable and Removable Fix Shoulder strap<br></strong><strong data-mce-fragment=""1"">    Length:</strong><span data-mce-fragment=""1""> 38</span><span data-mce-fragment=""1"">"" inches (maximum)<br></span></p>
<p data-mce-fragment=""1""><strong>- One Outside Pocket<br></strong><strong>- Two inside side pockets</strong></p>
<p><span><b>Note:</b> <strong data-mce-fragment=""1"">There may be slight variation of colors due to bright light</strong></span></p>",Astore.pk,,,"all,Bag,crossbody bag,Handbag,HandleBag,laptop,laptopbag",2022-10-17T22:13:28+05:00,Title,Default Title,,,,,,,,Multi-Pockets-Laptop-Bag-(Peach),0,shopify,100,deny,manual,3099.0,6198.0,TRUE,FALSE,,https://cdn.shopify.com/s/files/1/0268/0602/6426/products/1-5_9d25b6cc-8a6a-45e2-96f6-0f5e29847c98.jpg?v=1666026831,1,,FALSE,,,,,adults; teens,,new,FALSE,,,,,,adults; teens,,,,female,https://cdn.shopify.com/s/files/1/0268/0602/6426/products/1-5_9d25b6cc-8a6a-45e2-96f6-0f5e29847c98.jpg?v=1666026831,kg,,,,3099.0,6198.0,,,,active
multi-pockets-laptop-bag-peach,Multi Pockets Laptop Bag (Peach),,,,,,,,,,,,,,,,,,,,,,,,,,,https://cdn.shopify.com/s/files/1/0268/0602/6426/products/1-4_cf0c640a-337b-463f-877a-6e5a1dedd654.jpg?v=1666026831,2,,,,,,,,,,,,,,,,,,,,,,,,,,,,,,,
multi-pockets-laptop-bag-peach,Multi Pockets Laptop Bag (Peach),,,,,,,,,,,,,,,,,,,,,,,,,,,https://cdn.shopify.com/s/files/1/0268/0602/6426/products/1-3_4df8793b-27e7-435c-a208-069e9bab344a.jpg?v=1666026831,3,,,,,,,,,,,,,,,,,,,,,,,,,,,,,,,
multi-pockets-laptop-bag-peach,Multi Pockets Laptop Bag (Peach),,,,,,,,,,,,,,,,,,,,,,,,,,,https://cdn.shopify.com/s/files/1/0268/0602/6426/products/1-1_4cfeb3b0-aaa2-48d0-877e-e207f5821603.jpg?v=1666026831,4,,,,,,,,,,,,,,,,,,,,,,,,,,,,,,,
multi-pockets-laptop-bag-peach,Multi Pockets Laptop Bag (Peach),,,,,,,,,,,,,,,,,,,,,,,,,,,https://cdn.shopify.com/s/files/1/0268/0602/6426/products/1_81faf0e9-b77e-469e-a3fc-7d6f29224659.jpg?v=1666026831,5,,,,,,,,,,,,,,,,,,,,,,,,,,,,,,,
multi-pockets-laptop-bag-peach,Multi Pockets Laptop Bag (Peach),,,,,,,,,,,,,,,,,,,,,,,,,,,https://cdn.shopify.com/s/files/1/0268/0602/6426/products/1-2_f67609be-1a35-440c-a299-214a36298ccf.jpg?v=1666026830,6,,,,,,,,,,,,,,,,,,,,,,,,,,,,,,,
monza-bag-black-plain-1,Monza Bag (black Plain),"<p><strong data-mce-fragment=""1""><img alt="""" src=""https://cdn.shopify.com/s/files/1/0268/0602/6426/files/Untitled-1-min-min_480x480.jpg?v=1637574287"" data-mce-selected=""1"" data-mce-src=""https://cdn.shopify.com/s/files/1/0268/0602/6426/files/Untitled-1-min-min_480x480.jpg?v=1637574287"" data-mce-fragment=""1""><br></strong></p>
<p data-mce-fragment=""1""><strong data-mce-fragment=""1""><br data-mce-fragment=""1"">Hand Bag<br data-mce-fragment=""1""></strong><strong data-mce-fragment=""1"">     Width</strong>: 8.5"" inches<br data-mce-fragment=""1""><span data-mce-fragment=""1""><strong data-mce-fragment=""1"">     Height</strong>: 7.5"" inches</span></p>
<p data-mce-fragment=""1""><strong data-mce-fragment=""1"">-</strong><span data-mce-fragment=""1""> </span><strong data-mce-fragment=""1"">Removable Silver Large  Top-Handle</strong><br data-mce-fragment=""1""><strong data-mce-fragment=""1"">- Removable Silver  Fix Shoulder Strap</strong><br data-mce-fragment=""1""><strong data-mce-fragment=""1"">- Inner side Zip Pocket </strong><br data-mce-fragment=""1""><strong data-mce-fragment=""1"">- Single Compartment Bag</strong></p>
<p data-mce-fragment=""1""><strong data-mce-fragment=""1""><b data-mce-fragment=""1"">Note:</b><span data-mce-fragment=""1""> </span>There may be slight variation of colors due to bright light</strong></p>
<p data-mce-fragment=""1""><strong data-mce-fragment=""1""><a href=""https://astore.pk/collections/handbags"" data-mce-fragment=""1"" data-mce-href=""https://astore.pk/collections/handbags"">Handbags Pakistan</a></strong></p>",Astore Luxury,,,"all,Bag,Handbag,handbags,Monza,premium",2024-09-06T14:16:02+05:00,Title,Default Title,,,,,,,,Monza-Bag-Black-(Plain) wind up,0,shopify,100,deny,manual,3499.0,6998.0,TRUE,FALSE,,https://cdn.shopify.com/s/files/1/0268/0602/6426/files/black1_97c2d97a-37af-4097-a0b6-b38cef259000.jpg?v=1725614180,1,,FALSE,,,,,adults; teens,,new,FALSE,,,,,,adults; teens,,,,female,https://cdn.shopify.com/s/files/1/0268/0602/6426/files/black1_97c2d97a-37af-4097-a0b6-b38cef259000.jpg?v=1725614180,kg,,,,3499.0,6998.0,,,,active
monza-bag-black-plain-1,Monza Bag (black Plain),,,,,,,,,,,,,,,,,,,,,,,,,,,https://cdn.shopify.com/s/files/1/0268/0602/6426/files/black2_e606477e-34bc-47b8-9f69-9cf91c2aa44a.jpg?v=1725614180,2,,,,,,,,,,,,,,,,,,,,,,,,,,,,,,,
monza-bag-black-plain-1,Monza Bag (black Plain),,,,,,,,,,,,,,,,,,,,,,,,,,,https://cdn.shopify.com/s/files/1/0268/0602/6426/files/black3_fcb41762-dc37-46a0-bb44-8813af990161.jpg?v=1725614180,3,,,,,,,,,,,,,,,,,,,,,,,,,,,,,,,
monza-bag-black-plain-1,Monza Bag (black Plain),,,,,,,,,,,,,,,,,,,,,,,,,,,https://cdn.shopify.com/s/files/1/0268/0602/6426/files/black4_ed0e1fe9-e89c-4576-8ee9-906d743007f0.jpg?v=1725614180,4,,,,,,,,,,,,,,,,,,,,,,,,,,,,,,,
monza-bag-green-plain,Monza Bag (green Plain),"<p><strong data-mce-fragment=""1""><img alt="""" src=""https://cdn.shopify.com/s/files/1/0268/0602/6426/files/Untitled-1-min-min_480x480.jpg?v=1637574287"" data-mce-selected=""1"" data-mce-src=""https://cdn.shopify.com/s/files/1/0268/0602/6426/files/Untitled-1-min-min_480x480.jpg?v=1637574287"" data-mce-fragment=""1""><br></strong></p>
<p data-mce-fragment=""1""><strong data-mce-fragment=""1""><br data-mce-fragment=""1"">Hand Bag<br data-mce-fragment=""1""></strong><strong data-mce-fragment=""1"">     Width</strong>: 8.5"" inches<br data-mce-fragment=""1""><span data-mce-fragment=""1""><strong data-mce-fragment=""1"">     Height</strong>: 7.5"" inches</span></p>
<p data-mce-fragment=""1""><strong data-mce-fragment=""1"">-</strong><span data-mce-fragment=""1""> </span><strong data-mce-fragment=""1"">Removable Silver Large  Top-Handle</strong><br data-mce-fragment=""1""><strong data-mce-fragment=""1"">- Removable Silver  Fix Shoulder Strap</strong><br data-mce-fragment=""1""><strong data-mce-fragment=""1"">- Inner side Zip Pocket </strong><br data-mce-fragment=""1""><strong data-mce-fragment=""1"">- Single Compartment Bag</strong></p>
<p data-mce-fragment=""1""><strong data-mce-fragment=""1""><b data-mce-fragment=""1"">Note:</b><span data-mce-fragment=""1""> </span>There may be slight variation of colors due to bright light</strong></p>
<p data-mce-fragment=""1""><strong data-mce-fragment=""1""><a href=""https://astore.pk/collections/handbags"" data-mce-fragment=""1"" data-mce-href=""https://astore.pk/collections/handbags"">Handbags Pakistan</a></strong></p>",Astore Luxury,,,"all,Bag,Handbag,handbags,Monza,premium",2024-09-06T13:42:44+05:00,Title,Default Title,,,,,,,,Monza-Bag-Black-(Plain) wind up,0,shopify,100,deny,manual,3499.0,6998.0,TRUE,FALSE,,https://cdn.shopify.com/s/files/1/0268/0602/6426/files/green1_4c05942a-264e-4240-b7b2-1f15c20b91d8.jpg?v=1725612184,1,,FALSE,,,,,adults; teens,,new,FALSE,,,,,,adults; teens,,,,female,https://cdn.shopify.com/s/files/1/0268/0602/6426/files/green1_4c05942a-264e-4240-b7b2-1f15c20b91d8.jpg?v=1725612184,kg,,,,3499.0,6998.0,,,,active
monza-bag-green-plain,Monza Bag (green Plain),,,,,,,,,,,,,,,,,,,,,,,,,,,https://cdn.shopify.com/s/files/1/0268/0602/6426/files/green2_9d123a90-cba5-4149-9f68-81db5f15c689.jpg?v=1725612184,2,,,,,,,,,,,,,,,,,,,,,,,,,,,,,,,
monza-bag-green-plain,Monza Bag (green Plain),,,,,,,,,,,,,,,,,,,,,,,,,,,https://cdn.shopify.com/s/files/1/0268/0602/6426/files/green3_7b235ad7-9dfa-4e5f-97f9-4241ec6074ab.jpg?v=1725612184,3,,,,,,,,,,,,,,,,,,,,,,,,,,,,,,,
monza-bag-green-plain,Monza Bag (green Plain),,,,,,,,,,,,,,,,,,,,,,,,,,,https://cdn.shopify.com/s/files/1/0268/0602/6426/files/green4_1996ee3f-9d6c-4372-ab15-048ffbe550b8.jpg?v=1725612184,4,,,,,,,,,,,,,,,,,,,,,,,,,,,,,,,
monza-bag-brown-plain,Monza Bag (brown Plain),"<p><strong data-mce-fragment=""1""><img alt="""" src=""https://cdn.shopify.com/s/files/1/0268/0602/6426/files/Untitled-1-min-min_480x480.jpg?v=1637574287"" data-mce-selected=""1"" data-mce-src=""https://cdn.shopify.com/s/files/1/0268/0602/6426/files/Untitled-1-min-min_480x480.jpg?v=1637574287"" data-mce-fragment=""1""><br></strong></p>
<p data-mce-fragment=""1""><strong data-mce-fragment=""1""><br data-mce-fragment=""1"">Hand Bag<br data-mce-fragment=""1""></strong><strong data-mce-fragment=""1"">     Width</strong>: 8.5"" inches<br data-mce-fragment=""1""><span data-mce-fragment=""1""><strong data-mce-fragment=""1"">     Height</strong>: 7.5"" inches</span></p>
<p data-mce-fragment=""1""><strong data-mce-fragment=""1"">-</strong><span data-mce-fragment=""1""> </span><strong data-mce-fragment=""1"">Removable Silver Large  Top-Handle</strong><br data-mce-fragment=""1""><strong data-mce-fragment=""1"">- Removable Silver  Fix Shoulder Strap</strong><br data-mce-fragment=""1""><strong data-mce-fragment=""1"">- Inner side Zip Pocket </strong><br data-mce-fragment=""1""><strong data-mce-fragment=""1"">- Single Compartment Bag</strong></p>
<p data-mce-fragment=""1""><strong data-mce-fragment=""1""><b data-mce-fragment=""1"">Note:</b><span data-mce-fragment=""1""> </span>There may be slight variation of colors due to bright light</strong></p>
<p data-mce-fragment=""1""><strong data-mce-fragment=""1""><a href=""https://astore.pk/collections/handbags"" data-mce-fragment=""1"" data-mce-href=""https://astore.pk/collections/handbags"">Handbags Pakistan</a></strong></p>",Astore Luxury,,,"all,Bag,Handbag,handbags,Monza,premium",2024-09-06T12:16:17+05:00,Title,Default Title,,,,,,,,Monza-Bag-Black-(Plain) wind up,0,shopify,100,deny,manual,3499.0,6998.0,TRUE,FALSE,,https://cdn.shopify.com/s/files/1/0268/0602/6426/files/brown1_5d0302fa-dfea-4314-a209-a5037d8269e6.jpg?v=1725606991,1,,FALSE,,,,,adults; teens,,new,FALSE,,,,,,adults; teens,,,,female,https://cdn.shopify.com/s/files/1/0268/0602/6426/files/brown1_5d0302fa-dfea-4314-a209-a5037d8269e6.jpg?v=1725606991,kg,,,,3499.0,6998.0,,,,active
monza-bag-brown-plain,Monza Bag (brown Plain),,,,,,,,,,,,,,,,,,,,,,,,,,,https://cdn.shopify.com/s/files/1/0268/0602/6426/files/brown2_b539ddab-5afe-4acb-aabe-6943d426ff70.jpg?v=1725606990,2,,,,,,,,,,,,,,,,,,,,,,,,,,,,,,,
monza-bag-brown-plain,Monza Bag (brown Plain),,,,,,,,,,,,,,,,,,,,,,,,,,,https://cdn.shopify.com/s/files/1/0268/0602/6426/files/brown3_72facc9c-cc27-4ec2-9ac4-39fa5ebad5f9.jpg?v=1725606991,3,,,,,,,,,,,,,,,,,,,,,,,,,,,,,,,
monza-bag-brown-plain,Monza Bag (brown Plain),,,,,,,,,,,,,,,,,,,,,,,,,,,https://cdn.shopify.com/s/files/1/0268/0602/6426/files/brown4_ecb8e1a1-e5a8-453b-8483-3ae8a0fc05ec.jpg?v=1725606991,4,,,,,,,,,,,,,,,,,,,,,,,,,,,,,,,
new-12,Sack Laptop Bag (Black & Peach),"<p data-mce-fragment=""1""><strong data-mce-fragment=""1""><img alt="""" src=""https://cdn.shopify.com/s/files/1/0268/0602/6426/files/Untitled-1-min-min_480x480.jpg?v=1637574287"" data-mce-fragment=""1"" data-mce-src=""https://cdn.shopify.com/s/files/1/0268/0602/6426/files/Untitled-1-min-min_480x480.jpg?v=1637574287""></strong></p>
<p data-mce-fragment=""1""><strong data-mce-fragment=""1"">Hand Bag<br></strong><strong data-mce-fragment=""1"">        Width</strong>: 15"" inches<br><span data-mce-fragment=""1""><strong data-mce-fragment=""1"">        Height</strong>: 11"" inches<br></span><span data-mce-fragment=""1"">        <strong data-mce-fragment=""1"">Depth</strong>: 2"" inches<br><br><strong data-mce-fragment=""1"">- Removable &amp; Adjustable long strap<br data-mce-fragment=""1""></strong><strong data-mce-fragment=""1"">     Length:</strong> 44"" inches<br></span></p>
<p data-mce-fragment=""1""><strong>- Top Carrying Handles <br></strong><strong>- Single compartment <br></strong><strong>- One inside pocket<br></strong><strong data-mce-fragment=""1"">- One Outside pocket<br></strong><strong>- Top zip closure</strong></p>
<p><strong><b>Note:</b><span> </span>There may be slight variation of colors due to bright light</strong></p>",Astore.pk,,,"all,Bag,bags,laptop,laptopbag",2022-10-04T20:15:36+05:00,Title,Default Title,,,,,,,,Sack-Laptop-Bag-(Black-&-Peach) windup,0,shopify,100,deny,manual,3499.0,6998.0,TRUE,FALSE,,https://cdn.shopify.com/s/files/1/0268/0602/6426/products/1-22_27340cbb-2792-41f6-bb9b-a90757f340a5.jpg?v=1671548436,1,,FALSE,,,,,adults; teens,,new,FALSE,,,,,,adults; teens,,,,female,https://cdn.shopify.com/s/files/1/0268/0602/6426/products/1-22_27340cbb-2792-41f6-bb9b-a90757f340a5.jpg?v=1671548436,kg,,,,3499.0,6998.0,,,,active
new-12,Sack Laptop Bag (Black & Peach),,,,,,,,,,,,,,,,,,,,,,,,,,,https://cdn.shopify.com/s/files/1/0268/0602/6426/products/Untitled-12_11f87e6a-733b-4af6-9f53-cbb0941fbc5e.jpg?v=1671548436,2,,,,,,,,,,,,,,,,,,,,,,,,,,,,,,,
new-12,Sack Laptop Bag (Black & Peach),,,,,,,,,,,,,,,,,,,,,,,,,,,https://cdn.shopify.com/s/files/1/0268/0602/6426/products/1-32_0eacfcca-f1ea-4098-a6cf-d08a6756c489.jpg?v=1671548436,3,,,,,,,,,,,,,,,,,,,,,,,,,,,,,,,
new-12,Sack Laptop Bag (Black & Peach),,,,,,,,,,,,,,,,,,,,,,,,,,,https://cdn.shopify.com/s/files/1/0268/0602/6426/products/1-1_dd4d988c-d422-40e2-be59-0408854ab634.jpg?v=1671548436,4,,,,,,,,,,,,,,,,,,,,,,,,,,,,,,,
new-12,Sack Laptop Bag (Black & Peach),,,,,,,,,,,,,,,,,,,,,,,,,,,https://cdn.shopify.com/s/files/1/0268/0602/6426/products/1_3eadbc02-06be-40fe-98ac-681c2ce8d832.jpg?v=1671548436,5,,,,,,,,,,,,,,,,,,,,,,,,,,,,,,,
new-12,Sack Laptop Bag (Black & Peach),,,,,,,,,,,,,,,,,,,,,,,,,,,https://cdn.shopify.com/s/files/1/0268/0602/6426/products/1-4_b992de70-d717-4cba-8378-8ab79fc0e6bb.jpg?v=1671548436,6,,,,,,,,,,,,,,,,,,,,,,,,,,,,,,,
new-12,Sack Laptop Bag (Black & Peach),,,,,,,,,,,,,,,,,,,,,,,,,,,https://cdn.shopify.com/s/files/1/0268/0602/6426/products/1-62_fa93c3f5-7e28-49cf-baf3-855b37f3be80.jpg?v=1671548426,7,,,,,,,,,,,,,,,,,,,,,,,,,,,,,,,
scotia-bag-green,Scotia Bag Green,"<p data-mce-fragment=""1""><strong data-mce-fragment=""1""><img alt="""" src=""https://cdn.shopify.com/s/files/1/0268/0602/6426/files/Untitled-1-min-min_480x480.jpg?v=1637574287"" data-mce-src=""https://cdn.shopify.com/s/files/1/0268/0602/6426/files/Untitled-1-min-min_480x480.jpg?v=1637574287"" data-mce-fragment=""1""></strong></p>
<p data-mce-fragment=""1""><strong data-mce-fragment=""1"">Hand Bag</strong></p>
<p data-mce-fragment=""1""><strong data-mce-fragment=""1"">     Width</strong>: 13"" inches</p>
<p data-mce-fragment=""1""><span data-mce-fragment=""1""><strong data-mce-fragment=""1"">     Height</strong>: 10"" inches <br data-mce-fragment=""1""><br data-mce-fragment=""1""></span><strong data-mce-fragment=""1"">     Depth :</strong><span data-mce-fragment=""1""> 6</span><span data-mce-fragment=""1"">"" inches</span><br data-mce-fragment=""1""></p>
<p data-mce-fragment=""1""><strong data-mce-fragment=""1"">Fix shoulder straps<br data-mce-fragment=""1""></strong></p>
<p data-mce-fragment=""1""><strong data-mce-fragment=""1"">     Length:</strong><span data-mce-fragment=""1""> 33</span>"" inches<br data-mce-fragment=""1""></p>
<p data-mce-fragment=""1""><strong data-mce-fragment=""1"">One mid zipper pocket<br data-mce-fragment=""1""></strong></p>
<p data-mce-fragment=""1""><strong data-mce-fragment=""1"">Two compartments bag.</strong></p>
<p data-mce-fragment=""1""><strong data-mce-fragment=""1""><b>Note:</b><span> </span>There may be slight variation of colors due to bright light</strong></p>",Astore.pk,,,"all,Bag,Handbag,handbags,Scotia,shoulder bag",2022-02-02T20:53:11+05:00,Title,Default Title,,,,,,,,Scotia-Bag-Green windup,0,shopify,100,deny,manual,2899.0,5798.0,TRUE,FALSE,,https://cdn.shopify.com/s/files/1/0268/0602/6426/products/Green1_e0609d19-1166-4453-92ba-aaba063ba9f6.jpg?v=1676711667,1,,FALSE,,,,,adults; teens,,new,FALSE,,,,,,adults; teens,,,,female,https://cdn.shopify.com/s/files/1/0268/0602/6426/products/Green1_e0609d19-1166-4453-92ba-aaba063ba9f6.jpg?v=1676711667,kg,,,,2899.0,5798.0,,,,active
scotia-bag-green,Scotia Bag Green,,,,,,,,,,,,,,,,,,,,,,,,,,,https://cdn.shopify.com/s/files/1/0268/0602/6426/products/scotiagreen.jpg?v=1676711667,2,,,,,,,,,,,,,,,,,,,,,,,,,,,,,,,
scotia-bag-green,Scotia Bag Green,,,,,,,,,,,,,,,,,,,,,,,,,,,https://cdn.shopify.com/s/files/1/0268/0602/6426/products/Green3_779cb1f3-fccc-4f22-8175-419374d7d335.jpg?v=1676711667,3,,,,,,,,,,,,,,,,,,,,,,,,,,,,,,,
scotia-bag-green,Scotia Bag Green,,,,,,,,,,,,,,,,,,,,,,,,,,,https://cdn.shopify.com/s/files/1/0268/0602/6426/products/Green4_317a5ec1-a97d-4ad3-ac05-2b14c36583ef.jpg?v=1676711667,4,,,,,,,,,,,,,,,,,,,,,,,,,,,,,,,
scotia-bag-green,Scotia Bag Green,,,,,,,,,,,,,,,,,,,,,,,,,,,https://cdn.shopify.com/s/files/1/0268/0602/6426/products/Green2_398af80a-6b16-4de6-8b2b-0bfba57f210d.jpg?v=1676711667,5,,,,,,,,,,,,,,,,,,,,,,,,,,,,,,,
scotia-bag-green,Scotia Bag Green,,,,,,,,,,,,,,,,,,,,,,,,,,,https://cdn.shopify.com/s/files/1/0268/0602/6426/products/Green5_f7b05737-fc6c-45a8-9256-b3b74dd9d60b.jpg?v=1676711637,6,,,,,,,,,,,,,,,,,,,,,,,,,,,,,,,
scotia-bag-black,Scotia Bag Black,"<p data-mce-fragment=""1""><strong data-mce-fragment=""1""><img alt="""" src=""https://cdn.shopify.com/s/files/1/0268/0602/6426/files/Untitled-1-min-min_480x480.jpg?v=1637574287"" data-mce-src=""https://cdn.shopify.com/s/files/1/0268/0602/6426/files/Untitled-1-min-min_480x480.jpg?v=1637574287"" data-mce-fragment=""1""></strong></p>
<p data-mce-fragment=""1""><strong data-mce-fragment=""1"">Hand Bag<br></strong><strong data-mce-fragment=""1"">     Width</strong>: 13"" inches<br><span data-mce-fragment=""1""><strong data-mce-fragment=""1"">     Height</strong>: 10"" inches <br data-mce-fragment=""1""></span><strong data-mce-fragment=""1"">     Depth :</strong><span data-mce-fragment=""1""> 6</span><span data-mce-fragment=""1"">"" inches</span><br data-mce-fragment=""1""></p>
<p data-mce-fragment=""1""><strong data-mce-fragment=""1"">- Fix shoulder straps<br></strong><strong data-mce-fragment=""1"">     Length:</strong><span data-mce-fragment=""1""> 33</span>"" inches<br data-mce-fragment=""1""></p>
<p data-mce-fragment=""1""><strong data-mce-fragment=""1"">- One mid zipper pocket<br></strong><strong data-mce-fragment=""1"">- Two compartments bag.</strong></p>
<p data-mce-fragment=""1""><strong data-mce-fragment=""1""><b>Note:</b><span> </span>There may be slight variation of colors due to bright light</strong></p>",Astore.pk,,,"all,Bag,Handbag,handbags,Scotia,shoulder bag",2021-11-29T22:13:29+05:00,Title,Default Title,,,,,,,,Scotia-Bag-Black windup,0,shopify,100,deny,manual,2899.0,5798.0,TRUE,FALSE,,https://cdn.shopify.com/s/files/1/0268/0602/6426/products/23-min_50c1bd81-5864-4580-95f9-cfac562f9e3e.jpg?v=1643988555,1,,FALSE,,,,,adults; teens,,new,FALSE,,,,,,adults; teens,,,,female,https://cdn.shopify.com/s/files/1/0268/0602/6426/products/23-min_50c1bd81-5864-4580-95f9-cfac562f9e3e.jpg?v=1643988555,kg,,,,2899.0,5798.0,,,,active
scotia-bag-black,Scotia Bag Black,,,,,,,,,,,,,,,,,,,,,,,,,,,https://cdn.shopify.com/s/files/1/0268/0602/6426/products/blacknwhite24-min_44e02e15-c94e-491f-955b-3d0e7decd1fd.jpg?v=1643988555,2,,,,,,,,,,,,,,,,,,,,,,,,,,,,,,,
scotia-bag-black,Scotia Bag Black,,,,,,,,,,,,,,,,,,,,,,,,,,,https://cdn.shopify.com/s/files/1/0268/0602/6426/products/blackscotia2-min.jpg?v=1643988555,3,,,,,,,,,,,,,,,,,,,,,,,,,,,,,,,
scotia-bag-black,Scotia Bag Black,,,,,,,,,,,,,,,,,,,,,,,,,,,https://cdn.shopify.com/s/files/1/0268/0602/6426/products/mixnewarrivals71-min.jpg?v=1643988555,4,,,,,,,,,,,,,,,,,,,,,,,,,,,,,,,
scotia-bag-black,Scotia Bag Black,,,,,,,,,,,,,,,,,,,,,,,,,,,https://cdn.shopify.com/s/files/1/0268/0602/6426/products/blackscotia3-min.jpg?v=1643988555,5,,,,,,,,,,,,,,,,,,,,,,,,,,,,,,,
scotia-bag-black,Scotia Bag Black,,,,,,,,,,,,,,,,,,,,,,,,,,,https://cdn.shopify.com/s/files/1/0268/0602/6426/products/mixnewarrivals76-min.jpg?v=1643988555,6,,,,,,,,,,,,,,,,,,,,,,,,,,,,,,,
scotia-bag-beige,Scotia Bag Beige,"<p data-mce-fragment=""1""><strong data-mce-fragment=""1""><img alt="""" src=""https://cdn.shopify.com/s/files/1/0268/0602/6426/files/Untitled-1-min-min_480x480.jpg?v=1637574287"" data-mce-fragment=""1"" data-mce-src=""https://cdn.shopify.com/s/files/1/0268/0602/6426/files/Untitled-1-min-min_480x480.jpg?v=1637574287""></strong></p>
<p data-mce-fragment=""1""><strong data-mce-fragment=""1"">Hand Bag<br></strong><strong data-mce-fragment=""1"">     Width</strong>: 13"" inches<br><span data-mce-fragment=""1""><strong data-mce-fragment=""1"">     Height</strong>: 10"" inches <br data-mce-fragment=""1""></span><strong data-mce-fragment=""1"">     Depth</strong>:<span data-mce-fragment=""1""> 6</span><span data-mce-fragment=""1"">"" inches</span><br data-mce-fragment=""1""></p>
<p data-mce-fragment=""1""><strong data-mce-fragment=""1"">- Fix shoulder straps<br></strong><strong data-mce-fragment=""1"">     Length:</strong><span data-mce-fragment=""1""> 33</span>"" inches<br data-mce-fragment=""1""></p>
<p data-mce-fragment=""1""><strong data-mce-fragment=""1"">- One mid zipper pocket<br></strong><strong data-mce-fragment=""1"">- Two compartments bag</strong></p>
<p data-mce-fragment=""1""><strong data-mce-fragment=""1""><b>Note:</b><span> </span>There may be slight variation of colors due to bright light</strong></p>",Astore.pk,,,"all,Bag,Handbag,handbags,Scotia,shoulder bag",2021-11-27T21:57:06+05:00,Title,Default Title,,,,,,,,Scotia-Bag-Beige windup,0,shopify,100,deny,manual,2899.0,5798.0,TRUE,FALSE,,https://cdn.shopify.com/s/files/1/0268/0602/6426/products/s.jpg?v=1649682932,1,,FALSE,,,,,adults; teens,,new,FALSE,,,,,,adults; teens,,,,female,https://cdn.shopify.com/s/files/1/0268/0602/6426/products/s.jpg?v=1649682932,kg,,,,2899.0,5798.0,,,,active
scotia-bag-beige,Scotia Bag Beige,,,,,,,,,,,,,,,,,,,,,,,,,,,https://cdn.shopify.com/s/files/1/0268/0602/6426/products/scotiabeige.jpg?v=1653312083,2,,,,,,,,,,,,,,,,,,,,,,,,,,,,,,,
scotia-bag-beige,Scotia Bag Beige,,,,,,,,,,,,,,,,,,,,,,,,,,,https://cdn.shopify.com/s/files/1/0268/0602/6426/products/beigescotia3-min.jpg?v=1653312083,3,,,,,,,,,,,,,,,,,,,,,,,,,,,,,,,
scotia-bag-beige,Scotia Bag Beige,,,,,,,,,,,,,,,,,,,,,,,,,,,https://cdn.shopify.com/s/files/1/0268/0602/6426/products/mixnewarrivals612-min.jpg?v=1653312083,4,,,,,,,,,,,,,,,,,,,,,,,,,,,,,,,
scotia-bag-beige,Scotia Bag Beige,,,,,,,,,,,,,,,,,,,,,,,,,,,https://cdn.shopify.com/s/files/1/0268/0602/6426/products/beigescotia4-min.jpg?v=1653312081,5,,,,,,,,,,,,,,,,,,,,,,,,,,,,,,,
scotia-bag-beige,Scotia Bag Beige,,,,,,,,,,,,,,,,,,,,,,,,,,,https://cdn.shopify.com/s/files/1/0268/0602/6426/products/mixnewarrivals613-min.jpg?v=1653312081,6,,,,,,,,,,,,,,,,,,,,,,,,,,,,,,,
scrunchie-bag-green,Scrunchie Bag Green,"<h2 data-mce-fragment=""1"">Scrunchie Bag Green</h2>
<p data-mce-fragment=""1""><strong data-mce-fragment=""1""><img data-mce-fragment=""1"" alt="""" src=""https://cdn.shopify.com/s/files/1/0268/0602/6426/files/Untitled-1-min-min_480x480.jpg?v=1637574287"" data-mce-src=""https://cdn.shopify.com/s/files/1/0268/0602/6426/files/Untitled-1-min-min_480x480.jpg?v=1637574287""></strong></p>
<p data-mce-fragment=""1""><strong data-mce-fragment=""1"">Hand Bag<br></strong><strong data-mce-fragment=""1"">     Width: </strong> 12"" inches<br><span data-mce-fragment=""1""><strong data-mce-fragment=""1"">     Height</strong>: 8.5 "" inches<br></span><span data-mce-fragment=""1""><strong data-mce-fragment=""1"">     Depth:</strong> 4.5</span><span data-mce-fragment=""1"">"" inches</span></p>
<p data-mce-fragment=""1""><strong data-mce-fragment=""1"">- Fixed Leather Handle<br></strong><strong data-mce-fragment=""1"">     Length:</strong> 15"" inches<span> </span><b>(Each)</b></p>
<p data-mce-fragment=""1""><strong data-mce-fragment=""1"">- Top zipper closure<br></strong><strong data-mce-fragment=""1"">- Single compartment with<span data-mce-fragment=""1""> double inside</span> pockets<br>- Inner lining<br>- One outside zip pocket<br></strong></p>
<p data-mce-fragment=""1""><strong data-mce-fragment=""1""><b>Note:</b><span> </span>There may be slight variation of colors due to bright light</strong></p>
<p data-mce-fragment=""1""><span data-mce-fragment=""1""><a data-mce-fragment=""1"" href=""https://astore.pk/collections/handbags"" data-mce-href=""https://astore.pk/collections/handbags""><strong data-mce-fragment=""1"">Handbags Pakistan</strong></a></span></p>",Astore.pk,,,"all,Bag,bags,premium",2023-07-19T19:36:10+05:00,Title,Default Title,,,,,,,,Scrunchie-Bag-Green,0,shopify,100,deny,manual,3499.0,6998.0,TRUE,FALSE,,https://cdn.shopify.com/s/files/1/0268/0602/6426/files/scrunchiegreen.jpg?v=1710829610,1,,FALSE,,,,,adults; teens,,new,FALSE,,,,,,adults; teens,,,,female,https://cdn.shopify.com/s/files/1/0268/0602/6426/files/scrunchiegreen.jpg?v=1710829610,kg,,,,3499.0,6998.0,,,,active
scrunchie-bag-green,Scrunchie Bag Green,,,,,,,,,,,,,,,,,,,,,,,,,,,https://cdn.shopify.com/s/files/1/0268/0602/6426/files/7_e4fccf0e-de0e-4070-9daf-a4fcba3bcac4.jpg?v=1710829610,2,,,,,,,,,,,,,,,,,,,,,,,,,,,,,,,
scrunchie-bag-green,Scrunchie Bag Green,,,,,,,,,,,,,,,,,,,,,,,,,,,https://cdn.shopify.com/s/files/1/0268/0602/6426/files/green4_da472867-856d-4ed2-a123-49adc3820c3e.jpg?v=1710829610,3,,,,,,,,,,,,,,,,,,,,,,,,,,,,,,,
scrunchie-bag-green,Scrunchie Bag Green,,,,,,,,,,,,,,,,,,,,,,,,,,,https://cdn.shopify.com/s/files/1/0268/0602/6426/files/green1_6c203cc2-62f3-47a0-a9cc-5d4d4a7fa147.jpg?v=1710829610,4,,,,,,,,,,,,,,,,,,,,,,,,,,,,,,,
scrunchie-bag-green,Scrunchie Bag Green,,,,,,,,,,,,,,,,,,,,,,,,,,,https://cdn.shopify.com/s/files/1/0268/0602/6426/files/green2_da58ef24-c11f-4ba2-ad9c-90dc099b5f3f.jpg?v=1710829610,5,,,,,,,,,,,,,,,,,,,,,,,,,,,,,,,
scrunchie-bag-green,Scrunchie Bag Green,,,,,,,,,,,,,,,,,,,,,,,,,,,https://cdn.shopify.com/s/files/1/0268/0602/6426/files/green5.jpg?v=1710829610,6,,,,,,,,,,,,,,,,,,,,,,,,,,,,,,,
scrunchie-bag-green,Scrunchie Bag Green,,,,,,,,,,,,,,,,,,,,,,,,,,,https://cdn.shopify.com/s/files/1/0268/0602/6426/files/Scrunchiebag10.jpg?v=1710829610,7,,,,,,,,,,,,,,,,,,,,,,,,,,,,,,,
scotia-bag-peach,Scotia Bag Peach,"<p data-mce-fragment=""1""><strong data-mce-fragment=""1""><img alt="""" src=""https://cdn.shopify.com/s/files/1/0268/0602/6426/files/Untitled-1-min-min_480x480.jpg?v=1637574287"" data-mce-src=""https://cdn.shopify.com/s/files/1/0268/0602/6426/files/Untitled-1-min-min_480x480.jpg?v=1637574287"" data-mce-fragment=""1""></strong></p>
<p data-mce-fragment=""1""><strong data-mce-fragment=""1"">Hand Bag<br></strong><strong data-mce-fragment=""1"">     Width</strong>: 13"" inches<br><span data-mce-fragment=""1""><strong data-mce-fragment=""1"">     Height</strong>: 10"" inches <br data-mce-fragment=""1""></span><strong data-mce-fragment=""1"">     Depth :</strong><span data-mce-fragment=""1""> 6</span><span data-mce-fragment=""1"">"" inches</span><br data-mce-fragment=""1""></p>
<p data-mce-fragment=""1""><strong data-mce-fragment=""1"">- Fix shoulder straps<br></strong><strong data-mce-fragment=""1"">     Length:</strong><span data-mce-fragment=""1""> 33</span>"" inches<br data-mce-fragment=""1""></p>
<p data-mce-fragment=""1""><strong data-mce-fragment=""1"">- One mid zipper pocket<br></strong><strong data-mce-fragment=""1"">- Two compartments bag.</strong></p>
<p data-mce-fragment=""1""><strong data-mce-fragment=""1""><b>Note:</b><span> </span>There may be slight variation of colors due to bright light</strong></p>",Astore.pk,,,"all,Bag,bags,Handbag,handbags,Scotia,shoulder bag,spring",2022-04-25T18:36:02+05:00,Title,Default Title,,,,,,,,Scotia-Bag-Peach windup,0,shopify,100,deny,manual,2899.0,5798.0,TRUE,FALSE,,https://cdn.shopify.com/s/files/1/0268/0602/6426/products/1_06dfd5d7-9fff-43f9-ac4f-28ca15b00154.png?v=1650893791,1,,FALSE,,,,,adults; teens,,new,FALSE,,,,,,adults; teens,,,,female,https://cdn.shopify.com/s/files/1/0268/0602/6426/products/1_06dfd5d7-9fff-43f9-ac4f-28ca15b00154.png?v=1650893791,kg,,,,2899.0,5798.0,,,,active
scotia-bag-peach,Scotia Bag Peach,,,,,,,,,,,,,,,,,,,,,,,,,,,https://cdn.shopify.com/s/files/1/0268/0602/6426/products/3_1e741eed-7349-4e69-a0cd-86028f1c81fa.png?v=1650893796,2,,,,,,,,,,,,,,,,,,,,,,,,,,,,,,,
scotia-bag-peach,Scotia Bag Peach,,,,,,,,,,,,,,,,,,,,,,,,,,,https://cdn.shopify.com/s/files/1/0268/0602/6426/products/2_60f18092-1fe3-49f9-ae35-8f1eb73a4c5c.png?v=1650893796,3,,,,,,,,,,,,,,,,,,,,,,,,,,,,,,,
scotia-bag-peach,Scotia Bag Peach,,,,,,,,,,,,,,,,,,,,,,,,,,,https://cdn.shopify.com/s/files/1/0268/0602/6426/products/4_aa7bf524-ae31-45bd-bec8-7dd940fbdf9c.png?v=1650893792,4,,,,,,,,,,,,,,,,,,,,,,,,,,,,,,,
scotia-bag-brown,Scotia Bag Maroon,"<p data-mce-fragment=""1""><strong data-mce-fragment=""1""><img alt="""" src=""https://cdn.shopify.com/s/files/1/0268/0602/6426/files/Untitled-1-min-min_480x480.jpg?v=1637574287"" data-mce-src=""https://cdn.shopify.com/s/files/1/0268/0602/6426/files/Untitled-1-min-min_480x480.jpg?v=1637574287"" data-mce-fragment=""1""></strong></p>
<p data-mce-fragment=""1""><strong data-mce-fragment=""1"">Hand Bag<br></strong><strong data-mce-fragment=""1"">     Width</strong>: 13"" inches<br><span data-mce-fragment=""1""><strong data-mce-fragment=""1"">     Height</strong>: 10"" inches <br data-mce-fragment=""1""></span><strong data-mce-fragment=""1"">     Depth :</strong><span data-mce-fragment=""1""> 6</span><span data-mce-fragment=""1"">"" inches</span><br data-mce-fragment=""1""></p>
<p data-mce-fragment=""1""><strong data-mce-fragment=""1"">- Fix shoulder straps<br></strong><strong data-mce-fragment=""1"">     Length:</strong><span data-mce-fragment=""1""> 33</span>"" inches<br data-mce-fragment=""1""></p>
<p data-mce-fragment=""1""><strong data-mce-fragment=""1"">- One mid zipper pocket<br></strong><strong data-mce-fragment=""1"">- Two compartments bag.</strong></p>
<p data-mce-fragment=""1""><strong data-mce-fragment=""1""><b>Note:</b><span> </span>There may be slight variation of colors due to bright light</strong></p>",Astore.pk,,,"11sale,all,Bag,bags,Handbag,handbags,Scotia,shoulder bag",2021-10-25T21:21:17+05:00,Title,Default Title,,,,,,,,Scotia-Bag-Maroon windup,0,shopify,100,deny,manual,2899.0,5798.0,TRUE,FALSE,,https://cdn.shopify.com/s/files/1/0268/0602/6426/products/Untitled-1-min_14429e65-15c6-4738-b01c-60d7973318b5.jpg?v=1643988571,1,,FALSE,,,,,adults; teens,,new,FALSE,,,,,,adults; teens,,,,female,https://cdn.shopify.com/s/files/1/0268/0602/6426/products/Untitled-1-min_14429e65-15c6-4738-b01c-60d7973318b5.jpg?v=1643988571,kg,,,,2899.0,5798.0,,,,active
scotia-bag-brown,Scotia Bag Maroon,,,,,,,,,,,,,,,,,,,,,,,,,,,https://cdn.shopify.com/s/files/1/0268/0602/6426/products/blacknwhite24-min_5bde905c-ba45-43f9-b209-e9c2310b4a1e.jpg?v=1643988571,2,,,,,,,,,,,,,,,,,,,,,,,,,,,,,,,
scotia-bag-brown,Scotia Bag Maroon,,,,,,,,,,,,,,,,,,,,,,,,,,,https://cdn.shopify.com/s/files/1/0268/0602/6426/products/Untitled-32-min.jpg?v=1643988571,3,,,,,,,,,,,,,,,,,,,,,,,,,,,,,,,
scotia-bag-brown,Scotia Bag Maroon,,,,,,,,,,,,,,,,,,,,,,,,,,,https://cdn.shopify.com/s/files/1/0268/0602/6426/products/mixnewarrivals75-min.jpg?v=1643988571,4,,,,,,,,,,,,,,,,,,,,,,,,,,,,,,,
scotia-bag-brown,Scotia Bag Maroon,,,,,,,,,,,,,,,,,,,,,,,,,,,https:/